NU	NGAS	GASES
587	16	C2H2 CH4 CO2 ClO H2O H2O2 HCN HCl HF HNO3 N2O N2O5 NH3 NO2 O3 SO2
588	16	C2H2 CH4 CO2 ClO H2O H2O2 HCN HCl HF HNO3 N2O N2O5 NH3 NO2 O3 SO2
589	15	C2H2 CH4 CO2 H2O H2O2 HCN HCl HF HNO3 N2O N2O5 NH3 NO2 O3 SO2
591	15	C2H2 CH4 CO2 H2O H2O2 HCN HCl HF HNO3 N2O N2O5 NH3 NO2 O3 SO2
592	15	C2H2 CH4 CO2 H2O H2O2 HCN HCl HF HNO3 N2O N2O5 NH3 NO2 O3 SO2
593	15	C2H2 CH4 CO2 H2O H2O2 HCN HCl HF HNO3 N2O N2O5 NH3 NO2 O3 SO2
594	15	C2H2 CH4 CO2 H2O H2O2 HCN HCl HF HNO3 N2O N2O5 NH3 NO2 O3 SO2
595	15	C2H2 CH4 CO2 H2O H2O2 HCN HCl HF HNO3 N2O N2O5 NH3 NO2 O3 SO2
597	14	C2H2 CH4 CO2 H2O H2O2 HCN HF HNO3 N2O N2O5 NH3 NO2 O3 SO2
598	14	C2H2 CH4 CO2 H2O H2O2 HCN HF HNO3 N2O N2O5 NH3 NO2 O3 SO2
599	14	C2H2 CH4 CO2 H2O H2O2 HCN HF HNO3 N2O N2O5 NH3 NO2 O3 SO2
600	15	C2H2 CH4 CO2 H2O H2O2 HCN HCl HF HNO3 N2O N2O5 NH3 NO2 O3 SO2
601	14	C2H2 CH4 CO2 H2O H2O2 HCN HCl HF HNO3 N2O NH3 NO2 O3 SO2
603	14	C2H2 CH4 CO2 H2O H2O2 HCN HCl HF HNO3 N2O NH3 NO2 O3 SO2
604	14	C2H2 CH4 CO2 H2O H2O2 HCN HCl HF HNO3 N2O NH3 NO2 O3 SO2
605	13	C2H2 CH4 CO2 H2O H2O2 HCN HF HNO3 N2O NH3 NO2 O3 SO2
606	13	C2H2 CH4 CO2 H2O H2O2 HCN HF HNO3 N2O NH3 NO2 O3 SO2
607	13	C2H2 CH4 CO2 H2O H2O2 HCN HF HNO3 N2O NH3 NO2 O3 SO2
609	13	C2H2 CH4 CO2 H2O H2O2 HCN HF HNO3 N2O NH3 NO2 O3 SO2
610	13	C2H2 CH4 CO2 H2O H2O2 HCN HF HNO3 N2O NH3 NO2 O3 SO2
611	13	C2H2 CH4 CO2 H2O H2O2 HCN HF HNO3 N2O NH3 NO2 O3 SO2
612	13	C2H2 CH4 CO2 H2O H2O2 HCN HF HNO3 N2O NH3 NO2 O3 SO2
613	13	C2H2 CH4 CO2 H2O H2O2 HCN HF HNO3 N2O NH3 NO2 O3 SO2
615	14	C2H2 CH4 CO2 H2O H2O2 HCN HCl HF HNO3 N2O NH3 NO2 O3 SO2
616	14	C2H2 CH4 CO2 H2O H2O2 HCN HCl HF HNO3 N2O NH3 NO2 O3 SO2
617	14	C2H2 CH4 CO2 H2O H2O2 HCN HCl HF HNO3 N2O NH3 NO2 O3 SO2
618	13	C2H2 CH4 CO2 H2O H2O2 HCN HF HNO3 N2O NH3 NO2 O3 SO2
619	13	C2H2 CH4 CO2 H2O H2O2 HCN HF HNO3 N2O NH3 NO2 O3 SO2
621	13	C2H2 CH4 CO2 H2O H2O2 HCN HF HNO3 N2O NH3 NO2 O3 SO2
622	13	C2H2 CH4 CO2 H2O H2O2 HCN HF HNO3 N2O NH3 NO2 O3 SO2
623	13	C2H2 CH4 CO2 H2O H2O2 HCN HF HNO3 N2O NH3 NO2 O3 SO2
624	13	C2H2 CH4 CO2 H2O H2O2 HCN HF HNO3 N2O NH3 NO2 O3 SO2
625	13	C2H2 CH4 CO2 H2O H2O2 HCN HF HNO3 N2O NH3 NO2 O3 SO2
626	13	C2H2 CH4 CO2 H2O H2O2 HCN HF HNO3 N2O NH3 NO2 O3 SO2
628	13	C2H2 CH4 CO2 H2O H2O2 HCN HF HNO3 N2O NH3 NO2 O3 SO2
629	13	C2H2 CH4 CO2 H2O H2O2 HCN HF HNO3 N2O NH3 NO2 O3 SO2
630	14	C2H2 CH4 CO2 H2O H2O2 HCN HCl HF HNO3 N2O NH3 NO2 O3 SO2
631	14	C2H2 CH4 CO2 H2O H2O2 HCN HCl HF HNO3 N2O NH3 NO2 O3 SO2
632	14	C2H2 CH4 CO2 H2O H2O2 HCN HCl HF HNO3 N2O NH3 NO2 O3 SO2
634	13	C2H2 CH4 CO2 H2O H2O2 HCN HF HNO3 N2O NH3 NO2 O3 SO2
635	13	C2H2 CH4 CO2 H2O H2O2 HCN HF HNO3 N2O NH3 NO2 O3 SO2
636	13	C2H2 CH4 CO2 H2O H2O2 HCN HF HNO3 N2O NH3 NO2 O3 SO2
637	13	C2H2 CH4 CO2 H2O H2O2 HCN HF HNO3 N2O NH3 NO2 O3 SO2
638	13	C2H2 CH4 CO2 H2O H2O2 HCN HF HNO3 N2O NH3 NO2 O3 SO2
640	13	C2H2 CH4 CO2 H2O H2O2 HCN HF HNO3 N2O NH3 NO2 O3 SO2
641	13	C2H2 CH4 CO2 H2O H2O2 HCN HF HNO3 N2O NH3 NO2 O3 SO2
642	13	C2H2 CH4 CO2 H2O H2O2 HCN HF HNO3 N2O NH3 NO2 O3 SO2
643	13	C2H2 CH4 CO2 H2O H2O2 HCN HF HNO3 N2O NH3 NO2 O3 SO2
644	13	C2H2 CH4 CO2 H2O H2O2 HCN HF HNO3 N2O NH3 NO2 O3 SO2
646	13	C2H2 CH4 CO2 H2O H2O2 HCN HF HNO3 N2O NH3 NO2 O3 SO2
647	13	C2H2 CH4 CO2 H2O H2O2 HCN HF HNO3 N2O NH3 NO2 O3 SO2
648	13	C2H2 CH4 CO2 H2O H2O2 HCN HF HNO3 N2O NH3 NO2 O3 SO2
649	13	C2H2 CH4 CO2 H2O H2O2 HCN HF HNO3 N2O NH3 NO2 O3 SO2
650	13	C2H2 CH4 CO2 H2O H2O2 HCN HF HNO3 N2O NH3 NO2 O3 SO2
652	13	C2H2 CH4 CO2 H2O H2O2 HCN HF HNO3 N2O NH3 NO2 O3 SO2
653	13	C2H2 CH4 CO2 H2O H2O2 HCN HF HNO3 N2O NH3 NO2 O3 SO2
654	13	C2H2 CH4 CO2 H2O H2O2 HCN HF HNO3 N2O NH3 NO2 O3 SO2
655	13	C2H2 CH4 CO2 H2O H2O2 HCN HF HNO3 N2O NH3 NO2 O3 SO2
656	13	C2H2 CH4 CO2 H2O H2O2 HCN HF HNO3 N2O NH3 NO2 O3 SO2
658	13	C2H2 CH4 CO2 H2O H2O2 HCN HF HNO3 N2O NH3 NO2 O3 SO2
659	13	C2H2 CH4 CO2 H2O H2O2 HCN HF HNO3 N2O NH3 NO2 O3 SO2
660	13	C2H2 CH4 CO2 H2O H2O2 HCN HF HNO3 N2O NH3 NO2 O3 SO2
661	14	C2H2 CH4 CO2 COF2 H2O H2O2 HCN HF HNO3 N2O NH3 NO2 O3 SO2
662	14	C2H2 CH4 CO2 COF2 H2O H2O2 HCN HF HNO3 N2O NH3 NO2 O3 SO2
664	14	C2H2 CH4 CO2 COF2 H2O H2O2 HCN HF HNO3 N2O NH3 NO2 O3 SO2
665	14	C2H2 CH4 CO2 COF2 H2O H2O2 HCN HF HNO3 N2O NH3 NO2 O3 SO2
666	14	C2H2 CH4 CO2 COF2 H2O H2O2 HCN HF HNO3 N2O NH3 NO2 O3 SO2
667	14	C2H2 CH4 CO2 COF2 H2O H2O2 HCN HF HNO3 N2O NH3 NO2 O3 SO2
668	14	C2H2 CH4 CO2 COF2 H2O H2O2 HCN HF HNO3 N2O NH3 NO2 O3 SO2
670	14	C2H2 CH4 CO2 COF2 H2O H2O2 HCN HF HNO3 N2O NH3 NO2 O3 SO2
671	14	C2H2 CH4 CO2 COF2 H2O H2O2 HCN HF HNO3 N2O NH3 NO2 O3 SO2
672	14	C2H2 CH4 CO2 COF2 H2O H2O2 HCN HF HNO3 N2O NH3 NO2 O3 SO2
673	14	C2H2 CH4 CO2 COF2 H2O H2O2 HCN HF HNO3 N2O NH3 NO2 O3 SO2
674	14	C2H2 CH4 CO2 COF2 H2O H2O2 HCN HF HNO3 N2O NH3 NO2 O3 SO2
676	14	C2H2 CH4 CO2 COF2 H2O H2O2 HCN HF HNO3 N2O NH3 NO2 O3 SO2
677	14	C2H2 CH4 CO2 COF2 H2O H2O2 HCN HF HNO3 N2O NH3 NO2 O3 SO2
678	14	C2H2 CH4 CO2 COF2 H2O H2O2 HCN HF HNO3 N2O NH3 NO2 O3 SO2
679	14	C2H2 CH4 CO2 COF2 H2O H2O2 HCN HF HNO3 N2O NH3 NO2 O3 SO2
680	14	C2H2 CH4 CO2 COF2 H2O H2O2 HCN HF HNO3 N2O NH3 NO2 O3 SO2
682	15	C2H2 C2H6 CH4 CO2 COF2 H2O H2O2 HCN HF HNO3 N2O NH3 NO2 O3 SO2
683	15	C2H2 C2H6 CH4 CO2 COF2 H2O H2O2 HCN HF HNO3 N2O NH3 NO2 O3 SO2
684	15	C2H2 C2H6 CH4 CO2 COF2 H2O H2O2 HCN HF HNO3 N2O NH3 NO2 O3 SO2
685	15	C2H2 C2H6 CH4 CO2 COF2 H2O H2O2 HCN HF HNO3 N2O NH3 NO2 O3 SO2
686	15	C2H2 C2H6 CH4 CO2 COF2 H2O H2O2 HCN HF HNO3 N2O NH3 NO2 O3 SO2
688	15	C2H2 C2H6 CH4 CO2 COF2 H2O H2O2 HCN HF HNO3 N2O NH3 NO2 O3 SO2
689	15	C2H2 C2H6 CH4 CO2 COF2 H2O H2O2 HCN HF HNO3 N2O NH3 NO2 O3 SO2
690	15	C2H2 C2H6 CH4 CO2 COF2 H2O H2O2 HCN HF HNO3 N2O NH3 NO2 O3 SO2
691	15	C2H2 C2H6 CH4 CO2 COF2 H2O H2O2 HCN HF HNO3 N2O NH3 NO2 O3 SO2
692	15	C2H2 C2H6 CH4 CO2 COF2 H2O H2O2 HCN HF HNO3 N2O NH3 NO2 O3 SO2
694	15	C2H2 C2H6 CH4 CO2 COF2 H2O H2O2 HCN HF HNO3 N2O NH3 NO2 O3 SO2
695	15	C2H2 C2H6 CH4 CO2 COF2 H2O H2O2 HCN HF HNO3 N2O NH3 NO2 O3 SO2
696	15	C2H2 C2H6 CH4 CO2 COF2 H2O H2O2 HCN HF HNO3 N2O NH3 NO2 O3 SO2
697	15	C2H2 C2H6 CH4 CO2 COF2 H2O H2O2 HCN HF HNO3 N2O NH3 NO2 O3 SO2
698	15	C2H2 C2H6 CH4 CO2 COF2 H2O H2O2 HCN HF HNO3 N2O NH3 NO2 O3 SO2
700	15	C2H2 C2H6 CH4 CO2 COF2 H2O H2O2 HCN HF HNO3 N2O NH3 NO2 O3 SO2
701	15	C2H2 C2H6 CH4 CO2 COF2 H2O H2O2 HCN HF HNO3 N2O NH3 NO2 O3 SO2
702	15	C2H2 C2H6 CH4 CO2 COF2 H2O H2O2 HCN HF HNO3 N2O NH3 NO2 O3 SO2
703	15	C2H2 C2H6 CH4 CO2 COF2 H2O H2O2 HCN HF HNO3 N2O NH3 NO2 O3 SO2
704	15	C2H2 C2H6 CH4 CO2 COF2 H2O H2O2 HCN HF HNO3 N2O NH3 NO2 O3 SO2
705	15	C2H2 C2H6 CH4 CO2 COF2 H2O H2O2 HCN HF HNO3 N2O NH3 NO2 O3 SO2
707	15	C2H2 C2H6 CH4 CO2 COF2 H2O H2O2 HCN HF HNO3 N2O NH3 NO2 O3 SO2
708	15	C2H2 C2H6 CH4 CO2 COF2 H2O H2O2 HCN HF HNO3 N2O NH3 NO2 O3 SO2
709	15	C2H2 C2H6 CH4 CO2 COF2 H2O H2O2 HCN HF HNO3 N2O NH3 NO2 O3 SO2
710	15	C2H2 C2H6 CH4 CO2 COF2 H2O H2O2 HCN HF HNO3 N2O NH3 NO2 O3 SO2
711	15	C2H2 C2H6 CH4 CO2 COF2 H2O H2O2 HCN HF HNO3 N2O NH3 NO2 O3 SO2
713	15	C2H2 C2H6 CH4 CO2 COF2 H2O H2O2 HCN HF HNO3 N2O NH3 NO2 O3 SO2
714	15	C2H2 C2H6 CH4 CO2 COF2 H2O H2O2 HCN HF HNO3 N2O NH3 NO2 O3 SO2
715	15	C2H2 C2H6 CH4 CO2 COF2 H2O H2O2 HCN HF HNO3 N2O NH3 NO2 O3 SO2
716	15	C2H2 C2H6 CH4 CO2 COF2 H2O H2O2 HCN HF HNO3 N2O NH3 NO2 O3 SO2
717	15	C2H2 C2H6 CH4 CO2 COF2 H2O H2O2 HCN HF HNO3 N2O NH3 NO2 O3 SO2
719	15	C2H2 C2H6 CH4 CO2 COF2 H2O H2O2 HCN HF HNO3 N2O NH3 NO2 O3 SO2
720	16	C2H2 C2H6 CH4 CO2 COF2 H2O H2O2 HCN HF HNO3 N2O N2O5 NH3 NO2 O3 SO2
721	16	C2H2 C2H6 CH4 CO2 COF2 H2O H2O2 HCN HF HNO3 N2O N2O5 NH3 NO2 O3 SO2
722	16	C2H2 C2H6 CH4 CO2 COF2 H2O H2O2 HCN HF HNO3 N2O N2O5 NH3 NO2 O3 SO2
723	16	C2H2 C2H6 CH4 CO2 COF2 H2O H2O2 HCN HF HNO3 N2O N2O5 NH3 NO2 O3 SO2
725	16	C2H2 C2H6 CH4 CO2 COF2 H2O H2O2 HCN HF HNO3 N2O N2O5 NH3 NO2 O3 SO2
726	16	C2H2 C2H6 CH4 CO2 COF2 H2O H2O2 HCN HF HNO3 N2O N2O5 NH3 NO2 O3 SO2
727	16	C2H2 C2H6 CH4 CO2 COF2 H2O H2O2 HCN HF HNO3 N2O N2O5 NH3 NO2 O3 SO2
728	16	C2H2 C2H6 CH4 CO2 COF2 H2O H2O2 HCN HF HNO3 N2O N2O5 NH3 NO2 O3 SO2
729	16	C2H2 C2H6 CH4 CO2 COF2 H2O H2O2 HCN HF HNO3 N2O N2O5 NH3 NO2 O3 SO2
731	16	C2H2 C2H6 CH4 CO2 COF2 H2O H2O2 HCN HF HNO3 N2O N2O5 NH3 NO2 O3 SO2
732	16	C2H2 C2H6 CH4 CO2 COF2 H2O H2O2 HCN HF HNO3 N2O N2O5 NH3 NO2 O3 SO2
733	16	C2H2 C2H6 CH4 CO2 COF2 H2O H2O2 HCN HF HNO3 N2O N2O5 NH3 NO2 O3 SO2
734	16	C2H2 C2H6 CH4 CO2 COF2 H2O H2O2 HCN HF HNO3 N2O N2O5 NH3 NO2 O3 SO2
735	16	C2H2 C2H6 CH4 CO2 COF2 H2O H2O2 HCN HF HNO3 N2O N2O5 NH3 NO2 O3 SO2
737	16	C2H2 C2H6 CH4 CO2 COF2 H2O H2O2 HCN HF HNO3 N2O N2O5 NH3 NO2 O3 SO2
738	16	C2H2 C2H6 CH4 CO2 COF2 H2O H2O2 HCN HF HNO3 N2O N2O5 NH3 NO2 O3 SO2
739	16	C2H2 C2H6 CH4 CO2 COF2 H2O H2O2 HCN HF HNO3 N2O N2O5 NH3 NO2 O3 SO2
